step,accuracy,f1_score
1000,0.356,0.18974163149269807
2000,0.363,0.22538447240684223
3000,0.321,0.16362357710057862
4000,0.341,0.1693012498057145
5000,0.356,0.18810703653767316
6000,0.351,0.15789708541408273
7000,0.384,0.18940430610286563
8000,0.338,0.16787023540581986
9000,0.333,0.18424031519219794
10000,0.347,0.18186009785559745
11000,0.349,0.19552938682689494
11972,0.36934156378600824,0.18187590422401126
