step,accuracy,f1_score
1000,0.628,0.29827251641903874
2000,0.609,0.3026619653381853
3000,0.639,0.31951961881057256
4000,0.614,0.2950912299253269
5000,0.652,0.32240615818403556
6000,0.648,0.31896315158821026
7000,0.665,0.2843426590813968
8000,0.631,0.3078145321815182
9000,0.608,0.2764819888139893
10000,0.603,0.2631195234470485
11000,0.641,0.3369894708191086
11972,0.6368312757201646,0.3008810467960347
