step,accuracy,f1_score
1000,0.623,0.29223646714151974
2000,0.602,0.2955549817477812
3000,0.633,0.3152489066155704
4000,0.604,0.27829215892496056
5000,0.653,0.3182943263042372
6000,0.649,0.31516647576624823
7000,0.663,0.2856408144631802
8000,0.624,0.3022596051628188
9000,0.616,0.27163702381459676
10000,0.606,0.2686176894247085
11000,0.637,0.35386463043615507
11972,0.6337448559670782,0.3106626441890303
