step,accuracy,f1_score
1000,0.64,0.3121165381469515
2000,0.621,0.32791378497996676
3000,0.64,0.321634641904621
4000,0.636,0.31350836349634703
5000,0.673,0.36401369415685153
6000,0.662,0.3545582301594592
7000,0.679,0.3284481744906826
8000,0.641,0.32177592834766383
9000,0.621,0.29047990137435914
10000,0.616,0.29051072857296656
11000,0.651,0.36757183158028944
11972,0.6532921810699589,0.3474270419938495
