step,accuracy,f1_score
1000,0.631,0.29001777966585224
2000,0.6,0.30150912407370606
3000,0.639,0.3093540542506185
4000,0.618,0.27915025593740095
5000,0.654,0.32416020739795576
6000,0.659,0.3291916109812855
7000,0.661,0.2819820773483943
8000,0.631,0.3022249654398555
9000,0.613,0.27403130330736536
10000,0.605,0.2592863700457127
11000,0.642,0.3503856869140759
11972,0.6378600823045267,0.29536212280052004
