step,accuracy,f1_score
1000,0.628,0.3019960935191007
2000,0.604,0.2952898832856069
3000,0.637,0.3149562360160234
4000,0.609,0.2907551874347312
5000,0.654,0.32271466312906344
6000,0.646,0.31907541605588485
7000,0.669,0.2846658457297346
8000,0.635,0.3066678523056466
9000,0.614,0.27487098752989775
10000,0.602,0.26459123314884164
11000,0.64,0.3515756749100902
11972,0.6265432098765432,0.3050327712379749
