step,accuracy,f1_score
1000,0.409,0.14135542200595877
2000,0.364,0.1442077364655394
3000,0.364,0.12507132902700704
4000,0.371,0.11561295707779452
5000,0.416,0.14403220236514197
6000,0.406,0.12847436472628532
7000,0.39,0.11631652835738104
8000,0.391,0.15671698556458655
9000,0.364,0.11242823404886396
10000,0.345,0.09824048649295239
11000,0.385,0.14244934491142747
11972,0.3786008230452675,0.11549569122665974
