step,accuracy,f1_score
1000,0.633,0.30919228107597296
2000,0.626,0.31993694410927964
3000,0.638,0.3224127637622427
4000,0.624,0.3092729391976743
5000,0.675,0.36684173467406544
6000,0.654,0.34780024497487155
7000,0.681,0.32459067667708386
8000,0.643,0.3182337080644163
9000,0.614,0.29318551350229477
10000,0.618,0.30154929045136486
11000,0.65,0.3523579068593573
11972,0.6512345679012346,0.351521001603362
