accuracy,f1_score
0.2857466669414165,0.02692798762031156
